target,state,footprint_bsls,own_cable,own_fiber,pct_own_fiber,another_fiber_filer,pct_another_fiber,another_cable_filer,any_other_filer,pct_contested,pct_uncontested
Comcast (Xfinity),FL,3778763,3572491,207284,5.49,2366346,62.62,275849,2475456,65.51,34.49
Comcast (Xfinity),CA,3549079,3534834,14679,0.41,1586625,44.71,161978,1644240,46.33,53.67
Comcast (Xfinity),PA,3331822,3259113,73006,2.19,2312973,69.42,205095,2407911,72.27,27.73
Comcast (Xfinity),IL,2816572,2813622,3034,0.11,1160521,41.2,486010,1540158,54.68,45.32
Comcast (Xfinity),MI,2192437,2172396,20558,0.94,878056,40.05,619283,1226720,55.95,44.05
Comcast (Xfinity),GA,2059108,2017900,41630,2.02,1429011,69.4,148420,1498426,72.77,27.23
Comcast (Xfinity),TX,2056962,1954561,103222,5.02,1757071,85.42,216358,1778113,86.44,13.56
Comcast (Xfinity),WA,1720130,1714056,6416,0.37,704500,40.96,126537,768751,44.69,55.31
Comcast (Xfinity),MA,1627920,1622726,5982,0.37,925458,56.85,255387,986496,60.6,39.4
Comcast (Xfinity),MD,1615867,1567279,48665,3.01,1120682,69.35,177618,1151786,71.28,28.72
Comcast (Xfinity),NJ,1588897,1567334,21762,1.37,897483,56.48,98837,905113,56.96,43.04
Comcast (Xfinity),IN,1510015,1471114,39458,2.61,1005750,66.61,40300,1015559,67.25,32.75
Comcast (Xfinity),CO,1479527,1439937,39833,2.69,891395,60.25,28666,908261,61.39,38.61
Comcast (Xfinity),TN,1404960,1397058,8048,0.57,1067064,75.95,61852,1073171,76.38,23.62
Comcast (Xfinity),VA,1280928,1263412,17595,1.37,863137,67.38,38120,892700,69.69,30.31
Comcast (Xfinity),OR,789285,778988,10440,1.32,488522,61.89,24839,502653,63.68,36.32
Comcast (Xfinity),UT,769209,742957,26425,3.44,611289,79.47,15960,612311,79.6,20.4
Comcast (Xfinity),MN,765903,750944,15020,1.96,470487,61.43,11943,478195,62.44,37.56
Comcast (Xfinity),CT,687171,585548,101748,14.81,558058,81.21,160404,575220,83.71,16.29
Comcast (Xfinity),NM,475738,445551,30195,6.35,78793,16.56,27396,103062,21.66,78.34
Comcast (Xfinity),AL,397432,382514,14939,3.76,286590,72.11,134126,305689,76.92,23.08
Comcast (Xfinity),MS,362006,358440,3579,0.99,249309,68.87,72,249319,68.87,31.13
Comcast (Xfinity),NH,340980,335401,5823,1.71,229883,67.42,28455,249117,73.06,26.94
Comcast (Xfinity),DE,323349,315163,8211,2.54,189140,58.49,13279,195917,60.59,39.41
Comcast (Xfinity),SC,300108,285033,15090,5.03,173603,57.85,128675,234952,78.29,21.71
Comcast (Xfinity),WV,240346,227097,13311,5.54,107284,44.64,16212,115580,48.09,51.91
Comcast (Xfinity),LA,208490,204357,4133,1.98,105901,50.79,37989,126245,60.55,39.45
Comcast (Xfinity),AR,188068,183722,4351,2.31,133964,71.23,35633,139540,74.2,25.8
Comcast (Xfinity),VT,171306,170081,1245,0.73,109407,63.87,33,109413,63.87,36.13
Comcast (Xfinity),AZ,151530,149777,1756,1.16,16161,10.67,8101,23868,15.75,84.25
Comcast (Xfinity),MO,130673,125587,5091,3.9,107164,82.01,8136,109896,84.1,15.9
Comcast (Xfinity),DC,122619,122532,108,0.09,106537,86.88,88343,115911,94.53,5.47
Comcast (Xfinity),OH,87370,75026,12344,14.13,16985,19.44,8664,21959,25.13,74.87
Comcast (Xfinity),KY,87338,87038,359,0.41,53294,61.02,367,53303,61.03,38.97
Comcast (Xfinity),ME,56814,51413,5402,9.51,30860,54.32,12620,42685,75.13,24.87
Comcast (Xfinity),KS,52983,45376,7607,14.36,50471,95.26,9266,50809,95.9,4.1
Comcast (Xfinity),NY,32349,32349,0,0.0,20176,62.37,1101,20703,64.0,36.0
Comcast (Xfinity),WI,27752,27542,210,0.76,6319,22.77,12,6327,22.8,77.2
Comcast (Xfinity),ID,2364,409,1955,82.7,2,0.08,1060,1061,44.88,55.12
Comcast (Xfinity),NC,2278,2278,0,0.0,952,41.79,14,953,41.83,58.17
Comcast (Xfinity),RI,216,216,0,0.0,197,91.2,195,208,96.3,3.7
Charter (Spectrum),TX,4854843,4416916,488187,10.06,3435439,70.76,393419,3530451,72.72,27.28
Charter (Spectrum),CA,4714491,4694432,66054,1.4,2510196,53.24,46604,2530405,53.67,46.33
Charter (Spectrum),OH,3440371,3326509,131357,3.82,1906270,55.41,632708,2242813,65.19,34.81
Charter (Spectrum),NC,3415552,3112434,323313,9.47,2023853,59.25,74103,2070117,60.61,39.39
Charter (Spectrum),FL,3037790,2880716,175552,5.78,1979233,65.15,447995,2140117,70.45,29.55
Charter (Spectrum),NY,2747220,2691138,76096,2.77,1540241,56.07,70897,1555746,56.63,43.37
Charter (Spectrum),WI,1632903,1495061,148113,9.07,773890,47.39,362,774044,47.4,52.6
Charter (Spectrum),SC,1343107,1158156,193331,14.39,759110,56.52,89681,812477,60.49,39.51
Charter (Spectrum),MO,1193917,1117082,81603,6.83,839381,70.3,48136,846060,70.86,29.14
Charter (Spectrum),MI,1099006,1049821,53481,4.87,303602,27.63,97782,358655,32.63,67.37
Charter (Spectrum),KY,1034942,973272,66398,6.42,754064,72.86,9376,758140,73.25,26.75
Charter (Spectrum),AL,919328,855520,67163,7.31,534091,58.1,150619,596048,64.84,35.16
Charter (Spectrum),TN,840839,752249,92196,10.96,622473,74.03,30669,634956,75.51,24.49
Charter (Spectrum),GA,666191,606678,62857,9.44,382134,57.36,91248,425102,63.81,36.19
Charter (Spectrum),IN,552840,485348,69703,12.61,362672,65.6,40181,372919,67.46,32.54
Charter (Spectrum),ME,461880,447874,15941,3.45,277537,60.09,433,277786,60.14,39.86
Charter (Spectrum),MN,379187,374106,6356,1.68,206197,54.38,16368,219807,57.97,42.03
Charter (Spectrum),OR,351540,324682,29497,8.39,165045,46.95,9877,170971,48.63,51.37
Charter (Spectrum),HI,293729,293241,3503,1.19,239988,81.7,0,239988,81.7,18.3
Charter (Spectrum),MA,283558,276905,7595,2.68,84812,29.91,3532,87353,30.81,69.19
Charter (Spectrum),LA,274776,231662,44418,16.17,118237,43.03,19361,130754,47.59,52.41
Charter (Spectrum),IL,255337,251920,3964,1.55,111813,43.79,689,112380,44.01,55.99
Charter (Spectrum),MT,248299,239183,10619,4.28,76893,30.97,0,76893,30.97,69.03
Charter (Spectrum),WA,246698,234861,13013,5.27,104961,42.55,12,104962,42.55,57.45
Charter (Spectrum),NE,243002,239921,3859,1.59,222754,91.67,7,222754,91.67,8.33
Charter (Spectrum),NV,222604,219270,5783,2.6,94551,42.47,0,94551,42.47,57.53
Charter (Spectrum),KS,210054,207702,3242,1.54,200058,95.24,104450,200109,95.27,4.73
Charter (Spectrum),CO,148905,146680,2736,1.84,76096,51.1,2,76096,51.1,48.9
Charter (Spectrum),PA,139533,134360,5869,4.21,40664,29.14,526,41070,29.43,70.57
Charter (Spectrum),WY,126500,126340,659,0.52,83014,65.62,0,83014,65.62,34.38
Charter (Spectrum),CT,121133,121009,292,0.24,91313,75.38,2214,91621,75.64,24.36
Charter (Spectrum),VA,115720,99387,17276,14.93,61463,53.11,652,61560,53.2,46.8
Charter (Spectrum),NH,79422,72946,6957,8.76,58149,73.22,837,58480,73.63,26.37
Charter (Spectrum),AZ,71922,71470,940,1.31,45497,63.26,474,45497,63.26,36.74
Charter (Spectrum),ID,62384,59729,2854,4.57,49363,79.13,27,49363,79.13,20.87
Charter (Spectrum),NJ,35474,35442,413,1.16,32179,90.71,2250,32196,90.76,9.24
Charter (Spectrum),WV,30380,30368,85,0.28,23635,77.8,2103,24104,79.34,20.66
Charter (Spectrum),VT,16568,16166,435,2.63,9748,58.84,33,9754,58.87,41.13
Charter (Spectrum),MS,15958,15731,234,1.47,12940,81.09,0,12940,81.09,18.91
Charter (Spectrum),NM,11991,10619,1514,12.63,1412,11.78,0,1412,11.78,88.22
Charter (Spectrum),MD,4161,3015,1162,27.93,30,0.72,0,30,0.72,99.28
Charter (Spectrum),RI,82,82,0,0.0,30,36.59,44,47,57.32,42.68
Cox,AZ,1737896,1342210,395819,22.78,563397,32.42,58425,584921,33.66,66.34
Cox,CA,806911,749153,58647,7.27,304437,37.73,22161,316883,39.27,60.73
Cox,VA,802083,770105,32044,4.0,675382,84.2,7232,676995,84.4,15.6
Cox,OK,713421,619449,94532,13.25,506147,70.95,10948,510171,71.51,28.49
Cox,LA,694601,677186,17474,2.52,481878,69.37,5593,482866,69.52,30.48
Cox,NV,663487,548613,114898,17.32,203796,30.72,0,203796,30.72,69.28
Cox,KS,413015,395774,17469,4.23,338256,81.9,4247,341153,82.6,17.4
Cox,RI,316010,289652,26422,8.36,256531,81.18,16161,270855,85.71,14.29
Cox,FL,293521,274100,19575,6.67,198177,67.52,9719,201039,68.49,31.51
Cox,NE,242171,208765,33426,13.8,207445,85.66,11,207445,85.66,14.34
Cox,AR,233621,215109,18527,7.93,154553,66.16,2,154555,66.16,33.84
Cox,CT,139298,134586,4720,3.39,107354,77.07,962,107627,77.26,22.74
Cox,GA,118765,101965,16834,14.17,64954,54.69,30395,70305,59.2,40.8
Cox,OH,82413,82379,35,0.04,67425,81.81,45129,74694,90.63,9.37
Cox,IA,25997,25520,482,1.85,15643,60.17,0,15643,60.17,39.83
Cox,ID,10524,10312,214,2.03,94,0.89,0,94,0.89,99.11
Cox,NC,2680,779,1901,70.93,1350,50.37,1219,1834,68.43,31.57
Cox,MA,1451,1450,1,0.07,53,3.65,75,94,6.48,93.52
Cox,MO,4,4,0,0.0,4,100.0,0,4,100.0,0.0
Optimum (Altice USA),NY,1471462,1471106,1196884,81.34,1176502,79.95,11240,1178347,80.08,19.92
Optimum (Altice USA),TX,1206843,1195302,91531,7.58,968301,80.23,122062,984815,81.6,18.4
Optimum (Altice USA),NJ,971601,971601,778281,80.1,727050,74.83,79300,762200,78.45,21.55
Optimum (Altice USA),WV,259537,259537,0,0.0,111392,42.92,22932,121806,46.93,53.07
Optimum (Altice USA),NC,221751,221751,841,0.38,141898,63.99,1097,142642,64.33,35.67
Optimum (Altice USA),CT,214870,214870,198992,92.61,194651,90.59,1620,194970,90.74,9.26
Optimum (Altice USA),LA,213667,212176,9829,4.6,125825,58.89,13490,129743,60.72,39.28
Optimum (Altice USA),AR,185597,185597,0,0.0,134005,72.2,15924,134997,72.74,27.26
Optimum (Altice USA),AZ,159486,159486,0,0.0,84578,53.03,667,85245,53.45,46.55
Optimum (Altice USA),OK,128105,128105,0,0.0,104578,81.63,66,104591,81.64,18.36
Optimum (Altice USA),MO,113720,113720,0,0.0,83859,73.74,437,84061,73.92,26.08
Optimum (Altice USA),CA,84903,84903,0,0.0,19960,23.51,1644,21151,24.91,75.09
Optimum (Altice USA),KY,28173,28173,0,0.0,11852,42.07,636,12431,44.12,55.88
Optimum (Altice USA),MS,24893,24893,0,0.0,4875,19.58,75,4947,19.87,80.13
Optimum (Altice USA),OH,23925,23925,0,0.0,5521,23.08,4567,10036,41.95,58.05
Optimum (Altice USA),NM,14929,14929,0,0.0,14820,99.27,0,14820,99.27,0.73
Optimum (Altice USA),KS,13777,13777,0,0.0,13012,94.45,400,13028,94.56,5.44
Optimum (Altice USA),ID,11427,11427,0,0.0,7155,62.61,0,7155,62.61,37.39
Optimum (Altice USA),NV,10787,10787,0,0.0,6804,63.08,0,6804,63.08,36.92
Optimum (Altice USA),VA,4668,4668,0,0.0,473,10.13,5,478,10.24,89.76
Optimum (Altice USA),PA,1880,1880,1291,68.67,7,0.37,11,18,0.96,99.04
Cable One (Sparklight),ID,426739,395918,33314,7.81,207113,48.53,0,207113,48.53,51.47
Cable One (Sparklight),TX,350054,276976,73186,20.91,216009,61.71,119829,268089,76.59,23.41
Cable One (Sparklight),MS,243667,243307,461,0.19,169129,69.41,97,169203,69.44,30.56
Cable One (Sparklight),MO,156820,147657,9243,5.89,73985,47.18,13984,80900,51.59,48.41
Cable One (Sparklight),OK,152631,152483,179,0.12,112295,73.57,11,112296,73.57,26.43
Cable One (Sparklight),AZ,140744,127912,12832,9.12,11946,8.49,5094,17040,12.11,87.89
Cable One (Sparklight),IL,122102,122102,0,0.0,92001,75.35,172,92165,75.48,24.52
Cable One (Sparklight),IN,87718,87718,0,0.0,61427,70.03,6258,61821,70.48,29.52
Cable One (Sparklight),SC,84172,46139,50924,60.5,22050,26.2,38756,57165,67.91,32.09
Cable One (Sparklight),AR,79039,74110,5562,7.04,55452,70.16,25276,60382,76.4,23.6
Cable One (Sparklight),AL,73619,71251,3495,4.75,43219,58.71,3024,43816,59.52,40.48
Cable One (Sparklight),GA,72404,71177,28610,39.51,42889,59.24,23933,53523,73.92,26.08
Cable One (Sparklight),NM,61092,58668,2424,3.97,46711,76.46,44,46753,76.53,23.47
Cable One (Sparklight),LA,57682,57638,44,0.08,17692,30.67,7798,23028,39.92,60.08
Cable One (Sparklight),ND,44612,42990,1640,3.68,10521,23.58,40748,42805,95.95,4.05
Cable One (Sparklight),IA,30792,30529,263,0.85,27211,88.37,162,27220,88.4,11.6
Cable One (Sparklight),KS,27847,17746,10101,36.27,15312,54.99,899,15423,55.38,44.62
Cable One (Sparklight),NE,22921,22811,110,0.48,17585,76.72,10,17594,76.76,23.24
Cable One (Sparklight),MN,14748,14748,0,0.0,773,5.24,14326,14430,97.84,2.16
Cable One (Sparklight),TN,12457,12457,0,0.0,8161,65.51,1,8162,65.52,34.48
Cable One (Sparklight),WA,8554,8554,0,0.0,2696,31.52,0,2696,31.52,68.48
Cable One (Sparklight),OR,6715,6715,0,0.0,1778,26.48,0,1778,26.48,73.52
Cable One (Sparklight),SD,2903,2880,23,0.79,1600,55.12,2356,2534,87.29,12.71
